,0,1,2,3,4,5,6,7,8,9,10,11,12,13,14,15,0
0,16.826798130089983,15.34640373982003,24.826798130089983,0.0,24.69280747964006,0.17653596260179968,2.0,55.82679813008998,1.0,130.8745680214867,187.23526731676054,12.34640373982003,49.65359626017997,0.11,59.251624308830195,45.90522056901017,1
1,3.0,3.0,4.0,0.0,4.0,0.15,2.0,9.0,1.0,25.81,41.0,2.0,9.0,0.1,12.0,13.0,0
2,11.0,5.0,4.0,0.0,6.0,0.18,3.0,18.0,3.0,61.4,124.0,3.0,17.0,0.08,33.0,17.0,0
3,9.0,8.5255018250064,14.3902600375352,0.0,12.0,0.155255018250064,2.0,31.1530109500384,1.0,90.97014849980386,115.06877281258,6.0,28.3902600375352,0.105255018250064,39.1020073000256,31.2882527375096,1
4,2.0,3.0,1.0,0.0,4.0,0.18,2.0,7.0,1.0,17.11,30.0,2.0,7.0,0.14,10.0,11.0,0
5,0.0,3.0,0.0,0.0,4.0,0.2,2.0,7.0,1.0,16.37,43.0,2.0,7.0,0.17,8.0,10.0,0
6,3.0,5.0,3.0,0.0,8.0,0.19,2.0,13.0,1.0,20.14,55.0,4.0,12.0,0.09,12.0,16.0,1
7,7.0,10.0,1.0,0.0,12.0,0.15,2.0,21.0,1.0,29.3,130.0,6.0,17.0,0.12,28.0,39.0,0
8,6.0,7.0,3.0,0.0,12.0,0.25,2.0,15.0,1.0,33.33,52.0,6.0,13.0,0.15,15.0,16.0,0
9,6.0,6.0,6.0,0.0,4.0,0.17,2.0,17.0,1.0,39.16,67.0,2.0,15.0,0.11,23.0,24.0,0
10,1.8392001248555798,3.83920012485558,3.58039993757221,0.0,5.67840024971116,0.2074119981271663,2.0,13.58039993757221,1.0,30.99347883260033,66.6079987514442,2.83920012485558,13.16079987514442,0.1190199968786105,12.58039993757221,11.93720043699453,1
11,11.125411556063083,21.250823112126167,12.931058568521546,0.0,35.084705186876946,0.25347999605896937,2.343072932367108,54.21011674294003,5.514117531146157,92.22778608937297,186.93105856852154,17.542352593438473,45.084705186876946,0.16125411556063085,53.63952908720924,43.54235259343847,1
12,9.0,11.0,3.0,0.0,12.0,0.11,2.0,29.0,1.0,57.9,250.0,6.0,24.0,0.09,41.0,64.0,0
13,1.0,3.0,2.0,0.0,4.0,0.22,2.0,6.0,1.0,18.23,19.0,2.0,6.0,0.18,7.0,9.0,0
14,13.452329768517465,10.206212716046576,9.563202021598975,0.0,17.809319074069865,0.1260310635802329,2.0,32.070967916657196,1.0,85.41351561770986,177.08649970677362,8.904659537034933,28.467861558633906,0.07603106358023289,42.8248508641863,44.80931907406986,1
15,3.0,3.0,5.0,1.0,4.0,0.11,2.0,11.0,1.0,39.07,58.0,2.0,11.0,0.08,17.0,18.0,0
16,8.0,16.0,4.0,0.0,24.0,0.31,2.4,33.0,4.0,18.35,93.0,12.0,26.0,0.21,15.0,29.0,0
17,1.7560103566209164,6.512020713241833,4.0,0.0,11.024041426483667,0.2909616570593466,2.0,14.512020713241833,1.0,34.894120324348734,40.707927503653586,5.512020713241833,12.756010356620916,0.24072124279451,14.463937860274502,13.463937860274502,1
18,2.340542439118206,7.0,5.936491707575065,0.0,8.0,0.41445931706613454,3.829728780440897,17.19189853691372,3.7445931706613456,35.50741237241148,52.27840780633219,4.0,15.19189853691372,0.2929728780440897,16.87298341515013,10.617576585811477,1
19,5.0,7.0,0.0,0.0,10.0,0.29,2.5,12.0,3.0,20.31,46.0,5.0,10.0,0.15,13.0,14.0,0
20,9.0,8.022684797721876,11.624766387470316,0.0,12.0,0.15022684797721877,2.0,28.136108786331253,1.0,76.91892667233782,108.78355997152345,6.0,25.624766387470316,0.10022684797721876,37.090739190887504,30.534027196582812,1
21,14.0,17.0,12.0,0.0,28.0,0.23,2.33,48.0,5.0,86.51,147.0,14.0,41.0,0.15,48.0,40.0,0
22,9.0,5.0,3.0,0.0,8.0,0.16,2.0,19.0,1.0,26.1,61.0,4.0,18.0,0.07,14.0,19.0,0
23,22.337454493692448,30.432103851736382,9.75719486435149,0.9053506419560637,50.107012839121275,0.2428394807413181,2.5706586990063798,67.66254550630755,10.958857061516701,72.26852462208366,201.94649358043935,25.053506419560637,53.75719486435149,0.13662545506307555,55.48561027129702,65.9588570615167,1
24,13.0,22.41394057448618,12.868599001337703,0.0,36.12091086172927,0.2289882671677002,2.419185642952693,62.373222722120836,6.030227715432318,91.1870488792314,200.1813662925939,18.060455430864636,52.66625243487775,0.15383712859053864,51.413940574486176,50.54534157314848,1
25,1.0309132330577349,3.030913233057735,3.9845433834711326,0.0,4.06182646611547,0.21953630150413397,2.0,13.984543383471133,1.0,38.550961270910186,74.69086766942266,2.030913233057735,13.969086766942265,0.13922716917355665,12.984543383471133,9.108196315702072,1
26,1.0,3.0,0.0,0.0,4.0,0.4,2.0,6.0,1.0,16.0,26.0,2.0,6.0,0.29,8.0,5.0,0
27,3.1074522519613277,3.5950318320257812,3.2975159160128906,0.0,5.1900636640515625,0.12082611412090236,2.0,9.487579580064454,1.0,48.732391711813534,61.454649847716404,2.5950318320257812,9.190063664051562,0.09380127328103127,23.214904503922654,19.404968167974218,1
28,21.31738726323789,25.071757315429494,11.658693631618945,0.0,35.46090189409688,0.22023919105143164,2.6296964199848007,64.46090189409688,8.63477452647578,61.86901602504192,234.19135284114532,18.071757315429494,53.09567642057266,0.12341306368381055,54.31738726323789,60.071757315429494,1
29,0.0,21.0,0.0,0.0,22.0,0.79,11.0,24.0,11.0,44.3,79.0,18.0,15.0,0.69,20.0,14.0,0
30,15.428184148317314,31.856368296634628,11.712736593269257,0.0,52.56910488990388,0.27,2.4272086947860565,79.84823541129823,10.430895110096113,93.45321816117101,236.4010745305293,26.28455244495194,65.42005126298092,0.19428184148317315,57.71002563149046,61.14092074158657,1
31,8.0,13.0,4.0,0.0,22.0,0.25,2.2,29.0,3.0,30.79,99.0,11.0,24.0,0.14,19.0,28.0,0
32,9.0,17.0,4.0,0.0,32.0,0.24,2.29,42.0,5.0,58.47,131.0,16.0,35.0,0.17,36.0,37.0,0
33,16.0,33.0,14.0,0.0,56.0,0.27,2.33,93.0,7.0,122.45,277.0,28.0,78.0,0.2,64.0,64.0,1
34,3.0,7.0,5.0,0.0,4.0,0.14,2.0,20.0,1.0,52.8,127.0,2.0,17.0,0.11,35.0,37.0,0
35,7.0,7.0,17.0,0.0,8.0,0.14,2.0,31.0,1.0,97.47,101.0,4.0,29.0,0.1,35.0,28.0,0
36,3.0,5.0,0.0,0.0,8.0,0.25,2.0,10.0,1.0,27.78,30.0,4.0,9.0,0.17,12.0,12.0,0
37,24.510829196744993,36.41299503609399,21.82599007218798,0.0,38.78267328520801,0.3302165839348999,2.185332303701271,92.14115094763098,1.4891708032550075,79.4125618682242,319.4667696298729,19.489170803255007,69.11949255414099,0.21119492554140987,67.43465342958397,75.92382423283898,1
38,20.0,31.0,11.0,0.0,46.0,0.24,2.88,75.0,6.0,74.18,250.0,24.0,61.0,0.13,53.0,66.0,1
39,3.0944429607559285,4.811114078488143,3.0,0.0,7.622228156976286,0.18150013353196645,2.0,12.527785196220359,1.0,22.810846930177654,56.22775848982707,3.811114078488143,11.622228156976286,0.08811114078488143,13.22775848982707,16.377771843023712,1
40,5.0,13.0,7.0,0.0,22.0,0.18,2.2,31.0,5.0,93.84,106.0,11.0,26.0,0.15,41.0,39.0,0
41,19.601973767177313,28.96118426030639,10.699013116411344,0.6601973767177313,47.92236852061278,0.2433980262328227,2.5660197376717733,67.67960524656453,10.300986883588656,80.56837481398847,202.69901311641135,23.96118426030639,54.699013116411344,0.14359210493129076,55.98059213015319,61.90296065076597,1
42,2.0,7.0,4.0,0.0,12.0,0.33,2.0,15.0,1.0,30.19,39.0,6.0,13.0,0.27,13.0,12.0,1
43,0.0,3.0,0.0,0.0,4.0,0.5,2.0,5.0,1.0,8.43,13.0,2.0,5.0,0.4,3.0,4.0,0
44,9.0,5.0,7.0,0.0,8.0,0.18,2.0,16.0,1.0,38.07,69.0,4.0,15.0,0.09,21.0,17.0,0
45,16.41203782186944,14.11805673280416,22.354170198412483,0.0,22.82407564373888,0.1711805673280416,2.0,51.884264753086086,1.0,113.94885281895881,179.38310401014095,11.41203782186944,46.325236386684,0.10412037821869441,54.20717965387984,43.85300945546736,1
46,5.0,10.0,6.0,0.0,8.0,0.22,2.0,23.0,1.0,36.52,106.0,4.0,18.0,0.18,27.0,32.0,0
47,1.242153889535631,5.484307779071262,4.242153889535631,0.0,8.0,0.23538155017462034,2.484307779071262,13.726461668606893,1.7264616686068925,44.61239297591524,46.24215388953563,4.0,12.484307779071262,0.18874462232570094,18.031384441857476,15.820614994179323,1
48,12.10140297366183,22.847895539507256,14.253507434154574,0.0,37.74649256584542,0.26721141822429967,2.370366717502126,57.923947769753624,5.873246282922713,93.48287125361041,188.73517155904827,18.87324628292271,48.0,0.16847895539507257,55.38026115123186,45.25350743415458,1
49,4.0,6.0,6.0,0.0,4.0,0.15,2.0,17.0,1.0,35.47,80.0,2.0,15.0,0.12,25.0,27.0,0
50,4.70007213844447,4.400144276888939,7.550468899889053,0.0,5.400144276888939,0.1140014427688894,2.0,15.700793522889168,1.0,66.83539760178178,82.35147883811163,2.7000721384444697,15.000721384444697,0.0840014427688894,29.20043283066682,22.80028855377788,1
51,13.0,23.892117209657037,13.515301279224953,0.0,38.33817581448555,0.2409984523284634,2.465378662801782,66.16105034974615,6.584543953621388,93.57799958662025,203.50726372172832,19.169087907242776,55.71499174491764,0.16307573256035648,52.89211720965704,51.37681593043208,1
52,3.0,7.0,3.0,0.0,12.0,0.25,2.0,16.0,1.0,28.82,43.0,6.0,14.0,0.17,14.0,16.0,0
53,1.6576128923003433,6.3152257846006865,4.0,0.0,10.630451569201373,0.27521806276805494,2.0,14.315225784600687,1.0,36.79122343644938,41.396709753897596,5.3152257846006865,12.657612892300344,0.22891354707604122,15.054322646197939,14.054322646197939,1
54,20.946943541561133,26.73875406297491,11.473471770780566,0.0,38.42445166751095,0.22579584687658302,2.700080727103385,67.42445166751095,7.893887083122262,65.33081260411123,238.63667750126643,19.73875406297491,55.31833875063321,0.12526528229219436,53.94694354156113,61.738754062974905,1
55,0.9015466705877591,7.0,2.803093341175518,0.0,10.196906658824481,0.4180309334117552,2.9015466705877593,14.90154667058776,2.3523200058816385,30.794051195059424,43.704640011763274,5.098453329412241,12.90154667058776,0.337461333235306,12.803093341175519,9.54922666470612,1
56,5.0,7.0,4.0,0.0,10.0,0.31,2.5,14.0,1.0,51.04,59.0,5.0,12.0,0.18,22.0,13.0,0
57,2.0,13.0,6.0,0.0,20.0,0.39,2.5,27.0,1.0,35.45,82.0,10.0,22.0,0.29,16.0,18.0,0
58,16.046805777392567,16.52511075617189,22.90297271026365,0.0,26.668943823300808,0.19715749600693377,2.0724427609181646,56.381277689042975,1.953194222607432,115.84317495322503,182.3344719116504,13.334471911650404,49.618722310957025,0.12143833067128919,56.618722310957025,44.19063884452149,1
59,9.863627558583094,7.863627558583094,8.051115451634846,0.0,13.29544133787464,0.14431813779291547,2.0,25.670417123978147,1.0,56.24974890217291,105.17604280994537,6.64772066893732,23.238603344686602,0.09215906889645772,35.590882675749285,30.6193016723433,1
60,18.30779256457216,32.12813829028523,11.282034572571307,0.0,49.94848401599829,0.24282034572571307,2.719240293634355,77.82034572571307,7.128138290285226,69.61386027007055,244.92337769371647,25.69220743542784,63.25627658057045,0.1469220743542784,51.589827137143466,67.41017286285653,1
61,13.0,21.0,5.0,0.0,30.0,0.17,2.14,66.0,9.0,57.39,258.0,15.0,56.0,0.14,51.0,69.0,0
62,7.603205945602619,7.0,10.655980181324601,0.0,10.13760792747016,0.14,2.0,25.72478414505968,1.0,72.87235957539933,102.05277423572198,5.06880396373508,23.72478414505968,0.09931196036264921,34.86239207252984,28.53440198186754,1
63,0.0,11.0,9.0,0.0,14.0,0.6,3.5,23.0,1.0,51.96,49.0,7.0,19.0,0.46,17.0,10.0,0
64,3.0,3.0,1.0,0.0,4.0,0.29,2.0,7.0,1.0,11.47,16.0,2.0,7.0,0.15,4.0,7.0,0
65,12.420699824975244,22.32688028003961,14.925539614945537,0.0,36.82204049006932,0.2624274031504456,2.3480268133018813,57.8317200700099,5.5793001750247555,93.90523394110022,187.41102024503465,18.41102024503466,48.1682799299901,0.16495160210029708,55.1682799299901,44.915860035004954,1
66,2.0,13.0,6.0,0.0,20.0,0.41,2.5,26.0,1.0,35.25,66.0,10.0,21.0,0.3,15.0,17.0,0
67,4.0,5.0,1.0,0.0,8.0,0.17,2.0,12.0,1.0,27.93,61.0,4.0,11.0,0.09,16.0,18.0,0
68,0.608051587812604,7.0,2.216103175625208,0.0,10.783896824374793,0.41216103175625207,2.608051587812604,14.608051587812604,1.9120773817189063,31.16385499935612,42.82415476343781,5.391948412187396,12.608051587812604,0.3447987103046849,12.216103175625207,9.695974206093698,1
69,14.656773157840739,18.749162947454817,19.844900947249627,0.0,30.56103515804593,0.22217808315886667,2.1780852400041035,56.9372907368637,3.34322684215926,107.43347760493648,184.28051757902296,15.280517579022964,49.0627092631363,0.13811872210591114,56.0627092631363,44.46864536843185,1
70,15.0,31.0,10.0,0.0,50.0,0.27,2.5,70.0,13.0,71.74,206.0,25.0,56.0,0.19,53.0,59.0,1
71,6.0,7.0,0.0,0.0,12.0,0.15,2.0,18.0,1.0,49.31,195.0,6.0,16.0,0.08,37.0,26.0,0
72,11.0,7.0,20.0,0.0,8.0,0.12,2.0,34.0,1.0,123.03,131.0,4.0,32.0,0.08,43.0,34.0,0
73,5.0,5.0,1.0,0.0,8.0,0.2,2.0,10.0,1.0,17.13,53.0,4.0,9.0,0.13,14.0,15.0,0
74,15.776465929028879,15.776465929028879,7.155293185805776,0.0,17.09332277246546,0.1646587955741733,2.0423607501462118,43.795277344503965,1.0,54.080762604789946,193.26742737374633,8.54666138623273,35.48469097289241,0.105403909144077,48.92548864300963,61.77019545720385,1
75,20.0,33.0,13.0,0.0,16.0,0.28,2.0,118.0,1.0,78.34,526.0,8.0,92.0,0.22,94.0,100.0,0
76,17.69993553098611,26.16986461507083,9.849967765493055,0.0,36.33972923014166,0.21469929084084718,2.677594326726777,63.03966476112777,4.849967765493054,65.6030595950472,230.21944556648054,18.939858168169437,50.87971633633887,0.12079974212394444,51.61996131859166,64.84996776549305,1
77,4.098389338791724,5.784563813422659,4.726040389529851,0.0,9.255302101476255,0.10627651050738128,2.0,21.90288610966384,1.0,101.96269005021712,177.31382552536905,4.627651050738128,20.51060420295251,0.08235369144026798,42.25530210147625,31.098389338791723,1
78,10.0,10.0,6.0,0.0,4.0,0.13,2.0,23.0,1.0,36.89,164.0,2.0,17.0,0.09,47.0,61.0,1
79,0.390485975596089,7.0,1.780971951192178,0.0,11.219028048807822,0.4078097195119218,2.390485975596089,14.39048597559609,1.5857289633941334,31.437987670748928,42.171457926788264,5.609514024403911,12.39048597559609,0.35023785061009777,11.780971951192178,9.804757012201955,1
80,3.2848385564126312,4.4303228871747375,3.3575807217936844,0.0,6.860645774349475,0.18224356601254743,2.0,10.50306505255579,1.0,41.90130344170113,57.63015906798316,3.4303228871747375,9.787903608968422,0.14151614435873688,20.70903133847579,17.139354225650525,1
81,3.0,5.0,4.0,0.0,8.0,0.33,2.0,13.0,1.0,36.11,37.0,4.0,12.0,0.23,14.0,9.0,0
82,10.716814374122746,11.505310185657766,6.358407187061373,0.0,7.010620371315532,0.13788495811535023,2.063079664922802,26.72743474543828,1.3584071870613732,39.56300080110372,170.1646036174556,3.576991623070043,20.153983246140086,0.09286725749649098,47.43008862447365,61.358407187061374,1
83,17.100402522507398,32.181452252266,11.1544356756798,0.0,53.799194954985204,0.241544356756798,2.25362904504532,82.7451618018128,7.4633070270394,64.62486139816583,234.2548381981872,26.899597477492602,67.8725809009064,0.173088713513596,49.1274190990936,68.7451618018128,1
84,2.0,7.0,4.0,0.0,12.0,0.33,2.0,15.0,1.0,25.93,33.0,6.0,13.0,0.27,10.0,12.0,0
85,1.0,9.0,2.0,0.0,10.0,0.56,5.0,14.0,5.0,18.8,22.0,5.0,11.0,0.29,7.0,9.0,0
86,11.26768802062511,17.923050128906944,7.901532030937666,0.0,21.74763228875155,0.16803064061875334,2.098245821598446,42.64916431968922,3.852298046406499,43.57705430879746,185.55069635062688,10.873816144375775,33.47994426812644,0.12169220051562776,47.31692200515628,64.16922005156277,1
87,8.45616789315935,7.18246715726374,5.18246715726374,0.0,12.36493431452748,0.1109123357863187,2.0,23.910551103843414,1.0,83.48500288906921,173.18068247478845,6.18246715726374,21.819317525211545,0.07454383210684065,39.36314963205219,37.093018261107154,1
88,4.0,5.0,0.0,0.0,8.0,0.33,2.0,9.0,1.0,10.63,31.0,4.0,8.0,0.15,6.0,9.0,0
89,2.0,7.0,0.0,0.0,12.0,0.36,2.0,16.0,1.0,12.76,85.0,6.0,14.0,0.29,8.0,11.0,0
90,6.0,25.0,3.0,0.0,42.0,0.33,2.33,47.0,1.0,54.51,228.0,21.0,36.0,0.24,42.0,39.0,0
91,0.5708081545998753,7.0,2.1416163091997507,0.0,10.858383690800249,0.4114161630919975,2.5708081545998756,14.570808154599876,1.8562122318998129,31.210781725204157,42.71242446379963,5.4291918454001244,12.570808154599876,0.3457297961350031,12.141616309199751,9.714595922700063,1
92,6.2968243919494675,5.756189270339361,9.431108297458508,0.0,7.674919027119148,0.1275618927033936,2.0,19.943486838137233,1.0,74.05715386293996,92.34633855466436,3.837459513559574,18.56539220296755,0.08837459513559574,32.3498380542383,25.51237854067872,1
93,11.0,16.0,2.0,0.0,24.0,0.26,2.0,34.0,1.0,17.38,122.0,12.0,27.0,0.18,15.0,35.0,0
94,8.0,17.0,5.0,0.0,32.0,0.26,2.0,40.0,1.0,55.05,133.0,16.0,33.0,0.17,29.0,35.0,0
95,6.0,5.0,6.0,0.0,8.0,0.1,2.0,19.0,1.0,44.88,117.0,4.0,18.0,0.08,30.0,30.0,0
96,4.0,11.0,2.0,0.0,20.0,0.3,2.0,24.0,1.0,22.99,82.0,10.0,20.0,0.18,17.0,20.0,0
97,1.6150072266991697,5.460028906796679,4.0,0.0,8.920057813593358,0.2876507949369087,2.0,14.61500722669917,1.0,33.520187489052184,52.85973983882989,4.460028906796679,13.38499277330083,0.2199509394708921,13.0,10.84502168009751,1
98,3.0,7.0,3.0,0.0,12.0,0.31,2.0,15.0,3.0,21.23,28.0,6.0,13.0,0.19,9.0,13.0,0
99,1.0,3.0,2.0,0.0,4.0,0.4,2.0,6.0,1.0,16.73,14.0,2.0,6.0,0.25,6.0,5.0,0
100,13.0,35.0,9.0,0.0,52.0,0.3,2.89,74.0,12.0,76.37,276.0,48.0,58.0,0.22,62.0,61.0,0
101,3.0460026420217527,4.9079947159564945,3.0,0.0,7.815989431912989,0.18585976221804226,2.0,12.769986789891236,1.0,21.440954716375167,55.59803434628279,3.9079947159564945,11.815989431912989,0.08907994715956494,12.598034346282786,16.18401056808701,1
102,1.0,3.0,1.0,0.0,4.0,0.22,2.0,8.0,1.0,15.29,26.0,2.0,8.0,0.15,9.0,9.0,0
103,26.534113598583083,43.068227197166166,15.093762479220697,0.0,68.48304303447404,0.21267056799291542,2.231477590380163,114.76433047213612,7.613645439433234,85.23574816225694,427.7191118974002,34.24152151723702,93.88362823341134,0.13960234079574924,80.89493287709533,103.16198967638687,1
104,7.0,3.0,3.0,0.0,4.0,0.18,2.0,10.0,1.0,23.74,46.0,2.0,10.0,0.05,13.0,11.0,0
105,4.0,7.0,1.0,0.0,4.0,0.23,2.0,16.0,1.0,27.67,92.0,2.0,13.0,0.19,20.0,22.0,0
106,23.0,31.0,9.0,1.0,52.0,0.24,2.6,67.0,12.0,72.95,201.0,26.0,53.0,0.13,57.0,67.0,1
107,7.0,3.0,5.0,0.0,4.0,0.11,2.0,13.0,1.0,64.34,59.0,2.0,13.0,0.07,22.0,19.0,0
108,4.0,19.0,6.0,0.0,32.0,0.31,2.29,37.0,4.0,49.95,110.0,16.0,29.0,0.26,33.0,32.0,0
109,13.096591682149862,9.144887523224792,7.434662569674376,0.0,16.193183364299724,0.12144887523224793,2.0,28.676141775049032,1.0,70.7485896184127,170.26562712591212,8.096591682149862,25.603698013436635,0.07096591682149862,38.458810490211846,43.024147920537466,1
110,14.280541378691762,14.280541378691762,8.140270689345881,0.0,13.274506320498816,0.15853694252461176,2.1783558907788234,35.84162413607528,4.210406034018821,43.52483913697223,186.1161304565741,6.637253160249408,28.4147770098447,0.1007013534467294,49.853694252461175,59.573152873769416,1
111,5.0,9.0,2.0,0.0,14.0,0.29,2.33,16.0,1.0,27.02,50.0,7.0,13.0,0.22,15.0,17.0,0
112,5.0,5.0,2.0,0.0,8.0,0.2,2.0,11.0,1.0,22.75,52.0,4.0,10.0,0.13,13.0,15.0,0
113,24.96845722576093,32.389600290163244,13.85528576610058,0.0,49.29497196744603,0.21742114306440233,2.4183674262915744,86.8292864915087,9.628942846779884,70.28775927041823,321.3616883775698,24.647485983723016,71.63448634642708,0.13113171459660347,67.24488605626382,77.40814342710638,1
114,1.0,3.0,1.0,0.0,4.0,0.2,2.0,7.0,1.0,14.32,26.0,2.0,7.0,0.15,7.0,10.0,0
115,3.0,6.0,5.0,0.0,4.0,0.2,2.0,15.0,1.0,31.73,51.0,2.0,13.0,0.17,14.0,20.0,0
116,1.0,5.0,5.0,0.0,8.0,0.25,2.0,13.0,1.0,30.84,36.0,4.0,12.0,0.2,12.0,12.0,0
117,22.116428308528256,22.58214154264129,12.426903797936944,0.0,30.310475489408688,0.21504522670289114,2.4848643198913267,60.358330266163,9.650715074415228,56.440443091952346,229.91975305378466,15.155237744704344,49.8149981596978,0.12388094361760857,55.5433321064652,57.77618872352171,1
118,7.835162238703057,8.223441492468705,16.61172074623435,0.0,10.446882984937409,0.15223441492468706,2.0,32.44688298493741,1.0,102.98750638794994,116.34064895481222,5.223441492468704,29.835162238703056,0.11,39.44688298493741,30.44688298493741,1
119,14.062483768931113,14.062483768931113,6.812496753786222,0.0,13.208296542910524,0.1543749026135867,2.029791547638828,37.62494156815201,1.0,48.97995169633899,184.58325109591763,6.604148271455262,29.999948060579563,0.10083329005048297,48.35416125631037,61.54166450252415,1
120,3.0,7.0,3.0,0.0,12.0,0.27,2.0,16.0,3.0,18.89,41.0,6.0,14.0,0.2,11.0,15.0,0
121,0.0,3.0,2.0,0.0,4.0,0.22,2.0,7.0,1.0,21.51,18.0,2.0,7.0,0.2,6.0,9.0,0
122,9.0,11.0,8.0,0.0,22.0,0.21,2.2,27.0,3.0,43.07,133.0,11.0,23.0,0.11,32.0,28.0,0
123,5.0,7.0,13.0,0.0,8.0,0.16,2.0,26.0,1.0,73.59,84.0,4.0,24.0,0.11,28.0,25.0,0
124,7.0,5.0,5.0,0.0,8.0,0.19,2.0,15.0,1.0,43.23,50.0,4.0,14.0,0.12,18.0,16.0,0
125,4.0,7.0,14.0,0.0,8.0,0.17,2.0,30.0,1.0,103.04,102.0,4.0,28.0,0.13,35.0,24.0,0
126,1.0,3.0,2.0,0.0,4.0,0.2,2.0,7.0,1.0,22.64,30.0,2.0,7.0,0.17,11.0,10.0,0
127,9.0,5.0,2.0,0.0,8.0,0.11,2.0,12.0,3.0,35.26,138.0,4.0,11.0,0.07,25.0,27.0,0
128,7.0,7.0,14.0,0.0,8.0,0.17,2.0,28.0,1.0,79.28,90.0,4.0,26.0,0.11,30.0,24.0,0
129,1.3620487394124774,7.0,3.043073109118716,0.0,12.0,0.3523282941205633,2.0,14.681024369706238,1.0,30.745017596711147,39.63795126058752,6.0,12.681024369706238,0.29870780672643854,12.362048739412478,11.362048739412478,1
130,0.843439718007652,7.0,2.686879436015304,0.0,10.313120563984697,0.41686879436015306,2.843439718007652,14.843439718007652,2.2651595770114783,30.86726595531036,43.530319154022955,5.156560281992348,12.843439718007652,0.3389140070498087,12.686879436015303,9.578280140996174,1
131,16.0,23.0,10.0,0.0,38.0,0.24,2.38,57.0,7.0,72.52,193.0,19.0,47.0,0.16,50.0,49.0,0
132,4.0,13.0,4.0,0.0,22.0,0.28,2.2,32.0,4.0,35.89,74.0,11.0,27.0,0.23,20.0,25.0,0
133,4.0,3.0,6.0,0.0,4.0,0.18,2.0,12.0,1.0,56.19,39.0,2.0,12.0,0.12,15.0,11.0,0
134,12.0,5.0,10.0,0.0,8.0,0.06,2.0,21.0,1.0,63.45,160.0,4.0,20.0,0.05,30.0,48.0,0
135,2.0,3.0,4.0,0.0,4.0,0.2,2.0,10.0,1.0,24.36,55.0,2.0,10.0,0.15,16.0,10.0,0
136,3.0,39.0,3.0,1.0,40.0,0.53,10.0,63.0,20.0,97.07,112.0,20.0,45.0,0.44,33.0,38.0,0
137,13.015822558631154,17.539556396577883,11.529008024157113,0.0,18.07383860694538,0.2003691930347269,2.1457647570005056,48.634491748364795,1.0,51.396106507015844,187.62394337594404,9.03691930347269,39.11603209662845,0.14529008024157114,43.98417744136885,58.48681453447404,1
138,16.0,20.0,7.0,0.0,12.0,0.32,2.0,46.0,1.0,60.97,243.0,6.0,32.0,0.19,54.0,50.0,0
139,2.0,3.0,2.0,0.0,4.0,0.17,2.0,9.0,1.0,15.07,34.0,2.0,9.0,0.1,8.0,12.0,0
140,17.238937812765442,32.05551107930414,11.116653323791242,0.0,53.522124374469115,0.24116653323791243,2.251110221586083,82.64440886344332,7.349959971373728,64.92132691931805,234.35559113655668,26.761062187234558,67.82220443172166,0.17233306647582486,49.17779556827834,68.64440886344332,1
141,22.730105547524456,30.83806332851467,9.134947226237772,0.9730105547524456,51.67612665702934,0.24026989445247554,2.5973010554752447,67.0539788904951,11.865052773762228,73.55510336245017,201.13494722623778,25.83806332851467,53.13494722623777,0.13107957780990218,56.91903166425734,66.59515832128669,1
142,22.0,35.0,10.0,0.0,62.0,0.27,2.07,81.0,4.0,68.92,196.0,31.0,65.0,0.18,56.0,66.0,0
143,2.0,3.0,4.0,0.0,4.0,0.14,2.0,8.0,1.0,44.39,45.0,2.0,8.0,0.1,17.0,14.0,0
144,9.0,9.0,17.0,0.0,12.0,0.16,2.0,34.0,1.0,104.23,121.0,6.0,31.0,0.11,41.0,32.0,1
145,29.530090300795656,48.7782347820687,17.563891639045213,0.0,77.86479464700176,0.2403380133824956,2.264023070227052,130.24072240636525,8.248144481273048,93.92361794584903,468.33881738482444,38.93239732350088,106.24072240636524,0.15657873578886083,86.21434314302348,108.71063210556959,1
146,8.0,7.0,15.0,0.0,8.0,0.15,2.0,30.0,1.0,76.96,108.0,4.0,28.0,0.1,39.0,26.0,0
147,2.0,9.0,1.0,0.0,16.0,0.36,2.0,21.0,1.0,17.84,58.0,8.0,18.0,0.24,11.0,14.0,0
148,1.0,3.0,2.0,16.0,4.0,0.08,2.0,21.0,1.0,103.2,109.0,2.0,21.0,0.07,33.0,25.0,0
149,18.177946080438435,28.210837619287545,12.0,0.0,44.33270219835587,0.22911026959780784,2.409226219410413,71.42167523857509,10.0,56.68439184986299,228.86654043967118,22.166351099177934,58.555134798903914,0.1534429717961637,51.65570282038363,63.68859435923274,1
150,12.398504734397374,23.797009468794748,14.0,0.0,38.79700946879475,0.26202990531205256,2.4278205681276845,62.38355207837111,6.398504734397373,92.95800398493347,195.1730852191527,19.398504734397374,51.98504734397373,0.17,54.60149526560263,47.789533140781614,1
151,3.0,5.0,2.0,0.0,8.0,0.19,2.0,15.0,1.0,22.71,51.0,4.0,14.0,0.14,14.0,16.0,0
152,28.532040778677533,46.18330602456159,18.76155106558696,0.0,69.08195885236229,0.2622951028690943,2.230089386475036,122.25632622942027,6.651265245884053,90.85162151676946,437.19967229473906,34.540979426181146,98.25632622942027,0.17055142909851453,82.42175495897463,101.72428545074273,1
153,1.4305304764350333,3.0,3.8564898411883224,0.0,4.0,0.20277878094259866,2.0,13.138939047129934,1.0,40.214827321415875,73.99542888831826,2.0,13.138939047129934,0.12995428888318256,14.722121905740133,10.578611746928456,1
154,6.753821100473154,7.315365825354865,13.349959288268874,0.0,9.753821100473154,0.17684634174645136,2.0,28.384552751182884,1.0,85.87029521999244,108.08447132772064,4.876910550236577,26.22686983850545,0.11842317087322568,33.13837385165604,25.542235663860318,1
155,17.96209705552389,31.39809358588737,10.919428075766211,0.0,52.07580588895222,0.2391942807576621,2.237961871717747,82.1184748687099,6.758284227298634,66.46888769882113,234.8815251312901,26.03790294447611,67.55923743435496,0.16838856151532422,49.44076256564505,68.1184748687099,1
156,16.843562957328913,15.312874085342171,24.843562957328913,0.0,24.625748170684343,0.17687125914657828,2.0,55.84356295732891,1.0,129.97781741247638,186.6317335361591,12.312874085342171,49.68712591465783,0.11,59.03368155472412,45.720807469381946,1
157,4.297707078235429,3.357248493882514,3.8335798190591994,0.0,4.476331325176686,0.10357248493882515,2.0,9.548076806824227,1.0,51.743006407263856,71.15569502929554,2.238165662588343,9.369452559882973,0.07238165662588344,25.95266265035337,20.714496987765028,1
158,10.0,5.0,7.0,3.0,8.0,0.06,2.0,20.0,1.0,58.61,151.0,4.0,19.0,0.05,43.0,47.0,0
159,7.664966871273631,14.329933742547261,8.701626176001104,0.0,23.5498895709121,0.18811604090183526,2.19696526789822,39.214856442185734,3.591648261818684,95.66131620439184,182.7016261760011,11.77494478545605,33.5498895709121,0.1266496687127363,48.25661513309231,37.77494478545605,1
160,17.0,15.0,25.0,0.0,24.0,0.18,2.0,56.0,1.0,121.61,181.0,12.0,50.0,0.11,57.0,44.0,1
161,2.0,5.0,1.0,0.0,8.0,0.23,2.0,11.0,1.0,11.63,45.0,4.0,10.0,0.15,7.0,13.0,0
162,5.0,3.0,5.0,0.0,4.0,0.2,2.0,10.0,1.0,58.84,51.0,2.0,10.0,0.11,21.0,10.0,0
163,6.0,3.0,6.0,0.0,4.0,0.15,2.0,13.0,1.0,56.22,44.0,2.0,13.0,0.08,16.0,13.0,0
164,13.0,9.0,7.0,0.0,16.0,0.12,2.0,28.0,1.0,69.49,170.0,8.0,25.0,0.07,38.0,43.0,1
165,5.682491154459721,4.345992923567777,4.009494692675832,0.0,6.6919858471355536,0.11345992923567777,2.0,12.710975232487218,1.0,48.39308014152865,77.42195046497443,3.3459929235677768,12.03797877070333,0.07672996461783889,27.691985847135555,23.028484078027496,1
166,3.0,3.0,2.0,0.0,4.0,0.14,2.0,8.0,1.0,26.83,40.0,2.0,8.0,0.11,13.0,14.0,0
167,3.139631614414955,5.046543871471652,3.0698158072074775,0.0,8.093087742943304,0.10093087742943305,2.0,19.069815807207476,1.0,99.08102293852386,175.11497320539812,4.046543871471652,18.046543871471652,0.08023271935735826,40.81382451411339,29.976728064264176,1
168,1.0911091282577488,3.072887302606199,4.218661907818596,0.0,4.072887302606199,0.21854225394787602,2.0,14.291549210424796,1.0,39.97321533726988,75.6195420721527,2.0364436513030997,14.255105559121697,0.13945334523045352,13.437323815637193,9.346214687379446,1
169,3.0,7.0,2.0,0.0,8.0,0.33,4.0,13.0,4.0,24.24,59.0,4.0,11.0,0.18,15.0,12.0,0
170,16.77110679407049,29.937335923557708,9.822889320592951,0.0,47.874671847115415,0.2611444660296476,2.4309268350312507,71.23977475584934,10.874671847115412,73.473913551395,212.02176309983966,23.937335923557708,57.59399611466344,0.17937335923557707,52.82288932059295,59.708442717628195,1
171,5.0,5.0,6.0,0.0,8.0,0.13,2.0,14.0,1.0,51.32,121.0,4.0,13.0,0.09,29.0,24.0,0
172,1.0,11.0,2.0,0.0,20.0,0.38,2.0,21.0,1.0,40.18,57.0,10.0,17.0,0.33,17.0,16.0,0
173,22.0,22.0,12.0,0.0,30.0,0.21,2.5,59.0,10.0,55.49,226.0,15.0,49.0,0.12,55.0,57.0,1
174,10.453040097720445,10.951384205212936,6.226520048860222,0.0,5.902768410425869,0.1349834410749249,2.039867528599399,25.355808508146314,1.2265200488602226,38.57938652439954,167.89614484039583,2.9966882149849794,18.99337642996996,0.09181216039088178,47.27182405863227,61.22652004886022,1
175,12.44319873754165,23.8863974750833,14.0,0.0,38.8863974750833,0.261136025249167,2.433183848504998,62.87518611295815,6.44319873754165,93.13722693754201,195.9775772757497,19.44319873754165,52.4319873754165,0.17,54.55680126245835,48.10239116279155,1
176,3.179309275725127,5.119539517150085,3.7770068614755505,0.0,8.0,0.1870115120712479,2.0,14.01608589577572,1.0,24.974775771135185,58.22756696305229,4.0,12.956316137200679,0.09119539517150085,13.49424396437606,16.71723710290051,1
177,22.764129607419967,26.34152223554802,9.223587039258003,0.0,40.68304447109604,0.23117935196290015,2.197198945310621,75.43489072519398,3.6830444710960375,79.34108288566415,232.39804066522788,20.34152223554802,62.987716646677974,0.1434152223554802,52.223587039258,62.10565184296799,1
178,1.6069022753332396,5.427609101332958,4.0,0.0,8.855218202665917,0.2867592502866564,2.0,14.60690227533324,1.0,33.59029531836748,53.15151808800337,4.427609101332958,13.39309772466676,0.21889729579332118,13.0,10.820706825999718,1
179,0.0,3.0,2.0,0.0,4.0,0.5,2.0,6.0,1.0,14.62,11.0,2.0,6.0,0.4,5.0,4.0,0
180,6.492059638463383,7.328039758975589,16.164019879487793,0.0,8.656079517951177,0.1432803975897559,2.0,30.656079517951177,1.0,101.55486361436094,110.96823855385352,4.328039758975589,28.49205963846338,0.11,37.65607951795118,28.656079517951177,1
181,3.0,5.0,2.0,0.0,8.0,0.43,2.0,13.0,1.0,14.4,41.0,4.0,12.0,0.19,8.0,7.0,0
182,1.0,3.0,2.0,16.0,4.0,0.08,2.0,21.0,1.0,103.2,109.0,2.0,21.0,0.07,33.0,25.0,0
183,16.0,26.56632907831437,16.412626595632112,0.0,36.69898723494312,0.27,2.2978316453915717,77.72003156099663,2.1747468087357786,76.85135734255311,223.92221489609358,18.34949361747156,64.32844929141804,0.2,45.503196100153815,57.56632907831437,1
184,2.0,7.0,5.0,0.0,8.0,0.44,4.0,16.0,4.0,29.41,47.0,4.0,14.0,0.31,15.0,9.0,1
185,20.880568350431087,31.0,9.264928956196114,0.7350710438038858,51.47014208760777,0.24794786868588342,2.5735071043803885,67.79478686858835,12.264928956196114,72.6294359630027,202.32464478098058,25.735071043803885,53.794786868588346,0.14589573737176686,55.940284175215545,64.88056835043109,1
186,15.928811351539771,25.427131890761373,16.501679460778398,0.0,33.28139567228412,0.27,2.304949616176648,73.71524540615908,1.8542637815227478,66.17642000427678,210.64405675769885,16.64069783614206,60.644056757698856,0.1992881135153977,41.85426378152275,56.21356594538069,1
187,19.00687932571389,26.863821095714925,12.0,0.0,41.22420252857291,0.22496560337143054,2.428913383985705,68.72764219142985,10.0,56.42535021071441,228.2448405057146,20.612101264286455,56.48280168571527,0.14618980590000347,52.38101940999965,62.23796118000069,1
188,15.204813805231296,29.77111716861222,11.433696636619075,0.0,46.313351505836664,0.27,2.4569891009014277,70.81925522092519,10.542234337224444,70.51316530666453,207.02406902615647,23.156675752918332,57.02406902615648,0.19204813805231297,50.54223433722444,58.38555858430611,1
189,2.0,3.0,2.0,0.0,4.0,0.22,2.0,7.0,1.0,19.51,35.0,2.0,7.0,0.13,11.0,9.0,0
190,6.0,15.0,11.0,0.0,26.0,0.24,2.17,37.0,7.0,47.8,131.0,13.0,31.0,0.19,38.0,34.0,0
191,7.836235115306181,9.464217029513398,10.812379801648447,0.0,15.440361715855664,0.122321085147567,2.0,32.39265108854019,1.0,128.1206729981581,191.88072343171132,7.720180857927832,29.160542573783495,0.0911605425737835,51.78852448799071,39.30045214481958,1
192,8.840932136750268,8.893954757833512,16.628841652417293,0.0,11.893954757833512,0.16079533931624865,2.0,33.44326247862594,1.0,102.00066389655503,119.25025350425297,5.946977378916756,30.496285099709187,0.10946977378916757,40.231171994292964,31.57581903133405,1
193,5.584966132918216,4.901959359501859,7.437905172171003,0.0,6.535945812669145,0.1190195935950186,2.0,16.24182389117472,1.0,66.11139197563313,84.80064100893308,3.2679729063345726,15.290844211423792,0.08267972906334572,30.07189162533829,23.80391871900372,1
194,4.0,5.0,10.0,0.0,8.0,0.17,2.0,21.0,1.0,74.01,61.0,4.0,20.0,0.11,24.0,18.0,0
195,2.0,5.0,1.0,0.0,6.0,0.6,3.0,8.0,3.0,6.37,16.0,3.0,7.0,0.23,3.0,5.0,0
196,2.0,7.0,4.697015740995268,0.0,9.211937036018927,0.4066717315094795,3.394031481990536,15.697015740995267,3.0910472229858037,29.646327722023692,44.576125927962146,4.605968518009464,13.697015740995267,0.2978806296398107,14.394031481990536,9.908952777014196,1
197,11.0,17.0,12.0,0.0,26.0,0.18,2.17,55.0,3.0,66.78,233.0,13.0,48.0,0.12,46.0,50.0,0
198,1.0,5.0,3.0,0.0,8.0,0.15,2.0,13.0,1.0,42.85,52.0,4.0,12.0,0.14,18.0,20.0,0
199,26.0,24.0,13.0,1.0,32.0,0.17,2.29,88.0,7.0,99.15,322.0,16.0,76.0,0.11,73.0,83.0,0
200,5.0,5.0,13.0,0.0,4.0,0.13,2.0,24.0,1.0,88.98,102.0,2.0,23.0,0.09,34.0,23.0,0
201,1.0,3.0,1.0,0.0,4.0,0.22,2.0,5.0,1.0,18.45,20.0,2.0,5.0,0.18,6.0,9.0,0
202,4.0,9.0,2.0,0.0,14.0,0.31,2.33,18.0,4.0,16.51,77.0,7.0,15.0,0.17,13.0,16.0,0
203,14.0,15.0,15.0,0.0,4.0,0.25,2.0,40.0,1.0,58.74,224.0,2.0,29.0,0.18,44.0,53.0,0
204,0.4230961153736409,6.153807769252718,2.2692883461209226,0.0,10.307615538505436,0.3026878934640626,2.0,13.57690388462636,1.0,39.35110586365366,43.11548057686821,5.153807769252718,12.0,0.2711498157715354,14.384768922989128,13.384768922989128,1
205,6.228229737442996,4.782583789954398,4.336937842465797,0.0,7.5651675799087945,0.11782583789954398,2.0,14.23904326484039,1.0,48.384348324200914,80.47808652968078,3.7825837899543973,13.347751369863191,0.07891291894977198,28.565167579908795,24.010813527397396,1
206,4.982595348075757,4.179114417690909,5.75126697461212,0.0,5.572152556921211,0.1117911441769091,2.0,13.109495809993938,1.0,59.3877292752216,78.41551068960302,2.7860762784606057,12.519938601148482,0.07786076278460606,28.14430511384242,22.358228835381816,1
207,9.0,8.925296829355851,16.589132561457177,0.0,12.0,0.1592529682935585,2.0,33.5517809761351,1.0,102.14241989634924,120.06621036694813,6.0,30.589132561457177,0.1092529682935585,40.701187317423404,31.887945244033777,1
208,5.5045380209976855,6.00907604199537,12.779497136484952,0.0,7.00907604199537,0.1300907604199537,2.0,24.549918230974534,1.0,87.9968726423441,98.84302943045255,3.504538020997685,23.04538020997685,0.1000907604199537,34.02722812598611,26.018152083990742,1
209,2.0,3.0,2.0,0.0,4.0,0.2,2.0,9.0,1.0,26.13,42.0,2.0,9.0,0.15,14.0,10.0,0
210,11.00097159265838,16.256072454114882,7.501457388987572,0.0,18.01360229721734,0.16002914777975144,2.0775752984310247,38.51505968620491,3.252186083481358,42.17012515127296,181.0165170751925,9.00680114860867,30.01263070455896,0.11502428981645953,47.25024289816459,63.502428981645956,1
211,34.0,27.0,4.0,1.0,52.0,0.13,2.0,71.0,14.0,59.32,345.0,26.0,59.0,0.08,53.0,111.0,0
212,2.0,7.0,5.0,0.0,8.0,0.44,4.0,16.0,4.0,27.77,41.0,4.0,14.0,0.31,13.0,9.0,0
213,3.0,9.0,3.0,0.0,12.0,0.28,3.0,16.0,4.0,21.66,76.0,6.0,13.0,0.15,17.0,18.0,0
214,21.0,25.0,22.0,0.0,12.0,0.31,2.0,58.0,1.0,71.63,224.0,6.0,39.0,0.23,57.0,67.0,0
215,3.0,15.0,2.0,0.0,14.0,0.73,3.5,22.0,5.0,17.7,50.0,8.0,16.0,0.28,10.0,11.0,0
216,2.877942841411272,5.244114317177456,4.122057158588728,0.0,6.244114317177456,0.2907497169600837,3.122057158588728,12.488228634354911,2.6830857378830917,37.75484670761414,56.21839983481836,3.122057158588728,11.366171475766183,0.20464685903064733,19.38971420705636,13.828685627761997,1
217,4.740317400510889,4.480634801021777,7.812063103320777,0.0,5.480634801021777,0.11480634801021779,2.0,16.143491405619777,1.0,67.89404922043893,83.17650671047322,2.7403174005108886,15.403174005108887,0.08480634801021777,29.441904403065333,22.961269602043554,1
218,21.0,22.0,18.0,0.0,8.0,0.3,2.0,54.0,1.0,68.39,222.0,4.0,37.0,0.22,56.0,64.0,0
219,12.664638407099481,21.93657854864083,15.46220449561886,0.0,36.13901246012145,0.25803650867220934,2.3294874810604393,57.734144637160206,5.335361592900519,95.38106236295187,187.06950623006074,18.069506230060725,48.265855362839794,0.16202433911480624,55.265855362839794,44.86707231858011,1
220,5.7636703447566875,6.527340689513375,14.463857240918468,0.0,7.527340689513375,0.13527340689513376,2.0,27.400373792323563,1.0,94.81334841882466,104.15524206751209,3.7636703447566875,25.636703447566873,0.10527340689513374,35.58202206854013,27.05468137902675,1
221,3.0,3.0,3.0,0.0,4.0,0.33,2.0,9.0,1.0,19.14,31.0,2.0,9.0,0.13,10.0,6.0,0
222,10.0,11.0,14.0,0.0,16.0,0.15,2.0,38.0,1.0,51.19,147.0,8.0,34.0,0.1,38.0,40.0,0
223,9.0,7.0,6.0,0.0,12.0,0.14,2.0,22.0,1.0,48.34,96.0,6.0,20.0,0.09,33.0,29.0,1
224,1.354087054117508,7.0,3.031130581176262,0.0,12.0,0.35260695310588724,2.0,14.677043527058753,1.0,30.751944262917768,39.64591294588249,6.0,12.677043527058753,0.2990660825647121,12.354087054117509,11.354087054117509,1
225,1.386330521465472,3.3863305214654718,3.806834739267264,0.0,4.7726610429309435,0.21420504217801792,2.0,13.806834739267265,1.0,35.22780962429784,71.13669478534528,2.3863305214654718,13.613669478534527,0.1303417369633632,12.806834739267265,10.352156825129152,1
226,23.231111434407516,36.678383897165006,21.231111434407516,0.0,41.53777713118497,0.32552727537242515,2.1421616102834995,92.55272753724252,2.4472724627574878,76.44383094932921,311.7232351153376,20.768888565592484,69.8391919485825,0.21517575845747505,65.62303092023252,76.035151691495,1
227,0.0,3.0,1.0,0.0,4.0,0.29,2.0,5.0,1.0,8.64,12.0,2.0,5.0,0.25,3.0,7.0,0
228,20.015162946871996,27.990902231876802,9.4984837053128,0.0,43.981804463753605,0.24492418526564003,2.3044086450719923,73.51061406281039,6.981804463753605,76.64984452498769,223.0515540193648,21.990902231876802,60.513646652184796,0.15990902231876802,52.4984837053128,61.0060651787488,1
229,5.0,5.0,3.0,0.0,8.0,0.19,2.0,13.0,1.0,37.53,47.0,4.0,12.0,0.11,14.0,16.0,0
230,1.0,5.0,4.0,0.0,8.0,0.25,2.0,11.0,1.0,30.45,32.0,4.0,10.0,0.21,13.0,12.0,0
231,3.0140343795279034,7.0,7.788594543701734,0.0,8.0,0.36394742153540727,3.4929828102360485,19.549120328347662,3.2394742153540723,47.56628556544711,62.717532882682505,4.0,17.549120328347662,0.25929828102360486,20.577189087403468,13.816663302757542,1
232,13.0,25.0,14.0,0.0,40.0,0.25,2.5,69.0,7.0,95.37,206.0,20.0,58.0,0.17,54.0,52.0,1
233,2.0,5.0,2.0,0.0,6.0,0.18,3.0,10.0,3.0,35.86,71.0,3.0,9.0,0.14,20.0,17.0,0
234,15.508384124883168,27.949695250700994,13.558688874182174,0.0,40.84908575210298,0.27,2.393239333774535,72.03353649953267,6.899390501401989,68.69477909194983,208.54192062441584,20.42454287605149,58.54192062441584,0.19508384124883169,46.89939050140199,57.4748476253505,1
235,3.0,5.0,4.0,0.0,8.0,0.25,2.0,11.0,1.0,42.23,61.0,4.0,10.0,0.15,18.0,12.0,0
236,2.377109524181,6.245780951638,4.245780951638,0.0,8.0,0.3457226189547501,3.2457809516380003,14.868671427457,2.868671427457001,25.914194710842132,50.016876193448,4.0,13.245780951638,0.22703590468018006,13.868671427457,11.639766669266997,1
237,2.0,7.0,4.388169926206522,0.0,10.447320295173913,0.3726986918827174,2.776339852413044,15.388169926206523,2.164509778619566,29.887227457558915,42.10535940965217,5.223660147586957,13.388169926206523,0.2855267970482609,13.776339852413043,10.835490221380434,1
238,10.0,7.0,8.0,0.0,12.0,0.12,2.0,30.0,1.0,83.78,125.0,6.0,28.0,0.07,33.0,33.0,0
239,0.0,3.0,3.0,0.0,4.0,0.29,2.0,7.0,1.0,24.0,21.0,2.0,7.0,0.25,9.0,7.0,0
240,20.994211235102007,31.57308250425657,10.432706260641423,0.7134587478717156,53.14616500851314,0.24859623756384852,2.5226338619253634,74.4500725553354,10.567293739358577,87.13379198035008,222.7771351617496,26.57308250425657,60.16353130320711,0.15005788764897993,59.00578876489799,66.14037624361515,1
241,4.453531173316227,5.59014837998717,9.61198815663887,0.0,7.453531173316227,0.1940985162001283,2.0,22.63382793329057,1.0,67.06830042789352,94.8578042465683,3.7267655866581135,21.338753743296984,0.12704925810006415,25.087359106606794,18.928902123284153,1
242,3.0,5.0,3.0,0.0,8.0,0.1,2.0,19.0,1.0,100.29,177.0,4.0,18.0,0.08,41.0,30.0,1
243,24.870458602332196,25.115147909038047,9.071967443148779,0.0,38.25908279533561,0.2207196744314878,2.113166567498546,77.23029581807609,1.0863609317785352,82.11898155472961,240.53255907930097,19.129541397667804,65.18711535218682,0.13100754420408292,52.17272186355707,63.01439348862976,1
244,2.0,5.0,2.0,0.0,8.0,0.33,2.0,10.0,1.0,19.56,22.0,4.0,9.0,0.18,8.0,9.0,0
245,18.0,15.0,14.0,0.0,28.0,0.1,2.0,49.0,5.0,68.82,408.0,14.0,43.0,0.07,57.0,77.0,0
246,21.610847174619625,28.081048023073066,9.92431440692192,0.0,44.77830565076075,0.2292431440692192,2.1716209604614614,79.46483841845846,3.772943220765761,74.277212953686,237.53516158154156,22.389152825380375,66.23241920922922,0.1484862881384384,50.76758079077077,65.46483841845846,1
247,13.83708479072412,33.981779942025746,11.75562718608618,0.0,57.71918707013767,0.24511254372172359,2.2973740712811193,82.47481425622385,9.633440779129268,57.13062227106973,229.23044144231002,28.859593535068836,66.88210227941356,0.185927119768103,47.959271197681026,70.59271197681029,1
248,4.0,3.0,3.0,0.0,4.0,0.07,2.0,7.0,1.0,40.86,81.0,2.0,7.0,0.06,24.0,28.0,0
249,14.75792319354194,15.225604562202772,20.80608821196499,0.0,25.160967299524437,0.15645120912440555,2.0,49.14449505526915,1.0,152.60776343048232,195.52981520265354,12.580483649762218,43.03169277416776,0.10645120912440555,63.434736880150254,50.386571861727205,1
250,15.829788234979823,16.75684033568546,23.56231260423383,0.0,27.61094453709674,0.15951368067137092,2.0,54.197573107762025,1.0,172.01770809514892,214.0577680617941,13.80547226854837,47.31915293991929,0.10951368067137092,69.1003092420362,54.3677848727822,1
251,0.39357094034041007,6.21285811931918,2.1807128210212303,0.0,10.42571623863836,0.3094786837217057,2.0,13.60642905965959,1.0,38.83323429357079,42.96785470170205,5.21285811931918,12.0,0.2773501025285139,14.14856752272328,13.14856752272328,1
252,17.739086662773385,29.35654800233597,9.726091333722662,0.0,46.71309600467194,0.2563045666861331,2.393175620151838,71.91736066394137,9.71309600467194,74.42156584285514,215.3128946534295,23.35654800233597,58.465177996496045,0.1735654800233597,52.726091333722664,60.09563466510935,1
253,14.0,23.0,11.0,0.0,38.0,0.21,2.11,58.0,4.0,52.09,202.0,19.0,48.0,0.14,44.0,58.0,0
254,14.529136787762265,19.2062948183566,20.322841969405665,0.0,31.677158030594335,0.2004487383365377,2.1397320051625845,56.1031474091783,2.8385790152971677,144.30747865180302,206.33624171127641,15.838579015297167,48.0,0.132062948183566,64.4842629541085,51.322841969405665,1
255,14.0,3.0,7.0,0.0,4.0,0.06,2.0,30.0,1.0,96.01,276.0,2.0,30.0,0.04,56.0,34.0,0
256,12.696737165364151,13.24567968490189,9.122839842450945,0.0,22.671782361988686,0.1654894251953774,2.1152398771616228,37.09788503907548,2.516314173179247,76.12235819348602,175.4587310234453,11.335891180994343,31.975045196624535,0.10032628346358495,43.15546818880944,43.6065256692717,1
257,1.0,3.0,2.0,16.0,4.0,0.08,2.0,21.0,1.0,95.59,109.0,2.0,21.0,0.07,31.0,25.0,0
258,14.0,31.0,6.0,0.0,48.0,0.3,2.67,53.0,7.0,80.38,155.0,26.0,39.0,0.21,41.0,54.0,0
259,1.6126219916916966,3.0,3.795792669436101,0.0,4.0,0.19549512033233213,2.0,12.774756016616607,1.0,40.79630622680216,73.5705486860527,2.0,12.774756016616607,0.12570548686052707,15.450487966766786,11.246280636202888,1
260,7.0,9.0,9.0,0.0,14.0,0.12,2.33,31.0,5.0,53.95,179.0,7.0,28.0,0.1,44.0,41.0,0
261,5.0,3.0,3.0,0.0,4.0,0.22,2.0,9.0,1.0,58.69,105.0,2.0,9.0,0.09,20.0,9.0,0
262,1.0,3.0,4.0,0.0,4.0,0.22,2.0,14.0,1.0,38.84,75.0,2.0,14.0,0.14,13.0,9.0,1
263,1.2977266569662862,3.297726656966286,3.8511366715168567,0.0,4.595453313932572,0.2155341001455057,2.0,13.851136671516857,1.0,36.05625575736523,72.02273343033714,2.297726656966286,13.702273343033713,0.13255683357584286,12.851136671516857,10.042043299382001,1
264,10.880497816569505,15.503111353559405,7.320746724854256,0.0,16.326969431973062,0.15641493449708516,2.068238580784137,36.64771615682732,2.9811200872813854,41.53462598240414,178.96846288168157,8.163484715986531,28.44647161540356,0.1120124454142376,47.22012445414238,63.20124454142376,1
265,5.0,7.0,5.0,0.0,12.0,0.13,2.0,17.0,1.0,57.87,138.0,6.0,15.0,0.11,31.0,30.0,0
266,4.0,9.0,5.0,0.0,14.0,0.33,2.33,18.0,3.0,40.48,60.0,7.0,15.0,0.21,20.0,15.0,0
267,5.0,5.0,4.0,0.0,8.0,0.19,2.0,12.0,1.0,23.2,57.0,4.0,11.0,0.12,17.0,16.0,0
268,16.96949975006095,15.061000499878098,24.96949975006095,0.0,24.122000999756196,0.179389995001219,2.0,55.96949975006095,1.0,123.24145836923975,182.09800899780578,12.061000499878098,49.9389995001219,0.11,57.39650324920764,44.33550274932954,1
269,13.0,15.601882830582824,9.888323738379984,0.0,25.902824245874235,0.17364029799848543,2.2063088384557132,44.91732475336849,3.475706061468559,80.16854547846772,184.85423636881134,12.951412122937118,38.61638333807707,0.11126176769114265,44.601882830582824,46.713559092202836,1
270,7.0,7.0,4.0,0.0,4.0,0.17,2.0,17.0,1.0,34.65,77.0,2.0,14.0,0.12,23.0,29.0,0
271,2.0,5.0,0.0,0.0,8.0,0.33,2.0,10.0,1.0,14.06,27.0,4.0,9.0,0.19,6.0,9.0,0
272,1.6940755795482296,3.520556684661172,5.127872816765873,0.0,4.69407557954823,0.21479443315338828,2.0,15.735188948870572,1.0,44.51320026833235,78.99093458240232,2.347037789774115,15.474910606539988,0.13739721657669415,15.429264528418805,10.995467291201159,1
273,4.0,9.0,2.0,0.0,18.0,0.26,2.25,19.0,4.0,16.09,61.0,9.0,16.0,0.17,12.0,19.0,0
274,4.0,3.0,3.0,0.0,4.0,0.1,2.0,8.0,1.0,48.42,68.0,2.0,8.0,0.07,25.0,20.0,1
275,21.796245892138646,27.847781429210094,10.779863393256308,0.0,44.40750821572271,0.2377986339325631,2.1883139893032775,82.69556285842019,3.1358360719075695,96.09640201040963,253.17098911009668,22.203754107861354,69.62764482246641,0.15491808750558833,56.27167214381514,63.35597267865126,1
276,13.326011838408627,20.878381058546196,16.91722604449898,0.0,34.28716685245584,0.24613178690864473,2.2792231002809444,57.46959526463655,4.673988161591373,99.38237162237219,186.14358342622793,17.14358342622792,48.53040473536345,0.1540878579390965,55.53040473536345,44.734797632318276,1
277,12.063252321719075,8.62530092868763,6.62530092868763,0.0,15.25060185737526,0.11812650464343814,2.0,27.156927089547167,1.0,72.37518284910524,170.65572337479665,7.62530092868763,24.344276625203353,0.07093674767828093,38.28102430348428,41.7822280182348,1
278,2.0,7.0,4.953928577002587,0.0,8.18428569198965,0.43493214347028464,3.9078571540051747,15.953928577002587,3.861785731007762,29.44593570993798,46.6314286160207,4.092142845994825,13.953928577002587,0.3081571430801035,14.907857154005175,9.138214268992238,1
279,14.0,35.0,12.0,0.0,60.0,0.25,2.31,85.0,10.0,57.99,232.0,30.0,69.0,0.19,48.0,71.0,1
280,16.144539415988994,16.710921168022015,24.144539415988994,0.0,27.42184233604403,0.16289078831977985,2.0,55.144539415988994,1.0,167.36858663874878,211.79658102439626,13.710921168022015,48.28907883197799,0.11,68.1209875921431,53.410066424121084,1
281,24.086756114205713,25.0,9.811772342928258,0.0,37.39117074280381,0.22507357714330162,2.1282648777158855,76.6955853714019,1.0,79.92877905357402,237.05732525688506,18.695585371401904,64.59411382853587,0.13710300800062225,50.88381302847365,62.28969919993777,1
282,3.0,5.0,4.0,0.0,8.0,0.38,2.0,12.0,1.0,34.55,29.0,4.0,11.0,0.25,12.0,8.0,0
283,16.519612595026004,23.69118644955461,9.259806297513002,0.0,31.38237289910922,0.20171573854528607,2.5737259083622885,56.901985494135225,4.259806297513003,61.201635366851974,220.06866831722365,16.343147709057213,45.686295418114426,0.11607845038010403,50.9117675570156,64.25980629751301,1
284,1.2621030833042315,4.048412333216926,4.262103083304232,0.0,5.048412333216926,0.2776626783269309,2.524206166608463,14.524206166608463,1.7863092499126942,36.3683679244411,67.66111366748152,2.524206166608463,14.0,0.18455752416171936,13.524206166608463,9.0,1
285,10.0,13.0,14.0,0.0,20.0,0.13,2.0,53.0,1.0,138.63,193.0,10.0,48.0,0.1,50.0,52.0,0
286,23.897248121743477,25.0,9.980223891783577,0.0,37.26483208116232,0.22612639932364736,2.1320550375651304,76.63241604058116,1.0,79.5965083734569,236.44668839228453,18.63241604058116,64.50988805410822,0.1385769590531063,50.65219214879758,62.14230409468937,1
287,7.0,11.0,4.0,0.0,20.0,0.16,2.0,28.0,4.0,40.77,181.0,10.0,24.0,0.11,38.0,37.0,0
288,3.0,5.0,6.0,0.0,4.0,0.14,2.0,17.0,1.0,39.27,87.0,2.0,16.0,0.11,22.0,22.0,0
289,1.1091400687322412,3.0,3.9636199770892526,0.0,4.0,0.21563439725071035,2.0,13.781719862535518,1.0,39.18852061948496,74.74533983962478,2.0,13.781719862535518,0.1374533983962477,13.436560274928965,9.400180252018218,1
290,6.0,11.0,5.0,0.0,12.0,0.15,2.0,36.0,1.0,48.3,235.0,6.0,31.0,0.13,33.0,47.0,0
291,2.8579880547500367,5.284023890499927,3.571005972624982,0.0,8.568047780999853,0.2313313737037458,2.0,11.99704180837487,1.0,38.010561119046585,51.44082679387553,4.284023890499927,10.855029863124908,0.18420119452499634,18.14792832850022,15.431952219000147,1
292,2.338985493372185,6.32202901325563,3.8305072533139075,0.0,10.64405802651126,0.29101666826219874,2.0,13.813550773197353,1.0,33.279852772087466,43.91528965389668,5.32202901325563,12.152536266569538,0.23610145066278151,15.03391296023311,13.35594197348874,1
293,0.0,3.0,3.0,0.0,4.0,0.33,2.0,7.0,1.0,25.16,17.0,2.0,7.0,0.25,8.0,6.0,0
294,3.0,3.0,5.0,0.0,4.0,0.18,2.0,11.0,1.0,33.46,28.0,2.0,11.0,0.12,8.0,11.0,0
295,3.6474630824905296,5.431642054993686,5.805673357458961,0.0,8.0,0.17920894862515785,2.0,16.668957467446333,1.0,37.59776291421964,66.65433548482953,4.0,15.45313643994949,0.09431642054993686,17.395525687421078,18.589852329962117,1
296,9.0,11.0,12.0,0.0,18.0,0.17,2.25,35.0,5.0,65.03,140.0,9.0,31.0,0.1,43.0,36.0,0
297,12.0,23.0,14.0,0.0,38.0,0.27,2.38,58.0,6.0,91.36,188.0,19.0,48.0,0.17,55.0,45.0,1
298,8.0,29.0,5.0,0.0,56.0,0.48,2.0,75.0,15.0,116.24,276.0,28.0,62.0,0.36,49.0,31.0,0
299,2.0,5.0,7.0,0.0,8.0,0.12,2.0,17.0,1.0,56.24,76.0,4.0,16.0,0.1,24.0,26.0,0
300,6.19074933683549,11.38149867367098,6.899804745021154,0.0,18.635831122784964,0.16026970969578147,2.134720527555276,32.82658045962046,2.772638520464161,97.124067602451,180.89980474502116,9.317915561392482,28.635831122784964,0.1119074933683549,45.96338785729965,35.31791556139248,1
301,18.126206642627253,18.126206642627253,7.62524132852545,0.0,22.419401723288434,0.1787572398557635,2.0595921820459333,52.2543439134581,1.0,61.0735909684587,205.17278032264474,11.209700861644217,43.003861256407205,0.11166988438033934,49.70873554754242,62.08349421901697,1
302,10.0,5.0,7.0,0.0,12.0,0.12,2.0,19.0,3.0,63.77,114.0,6.0,18.0,0.07,33.0,26.0,0
303,10.215653642780453,10.539134106951131,6.395365011764163,0.0,5.006383666308778,0.1350319183315439,2.010423259401055,24.833055963633846,1.0,37.927294021773974,165.68928686844689,2.503191833154389,18.58146004705665,0.09395365011764163,46.78434635721955,60.82028863101629,1
304,11.0,3.0,3.0,0.0,4.0,0.08,2.0,18.0,1.0,47.29,164.0,2.0,18.0,0.05,22.0,24.0,0
305,11.0,19.0,2.0,0.0,24.0,0.22,2.4,35.0,8.0,37.25,201.0,12.0,26.0,0.18,36.0,49.0,0
306,8.0,15.0,1.0,0.0,28.0,0.19,2.0,32.0,1.0,72.3,83.0,14.0,26.0,0.15,24.0,43.0,0
307,13.658610140024928,32.8663133751558,11.487915210037393,0.0,55.220541960348996,0.23975830420074784,2.283542285851932,79.70845717038638,9.231872815056088,56.189168488631495,226.19637238042378,27.610270980174498,64.56193182032406,0.1814652535006232,47.91465253500623,70.14652535006232,1
308,1.0,5.0,1.0,0.0,8.0,0.25,2.0,12.0,1.0,16.29,53.0,4.0,11.0,0.2,9.0,12.0,0
309,9.0,8.989876832307562,16.944322577691594,0.0,12.0,0.15989876832307562,2.0,33.93926099384537,1.0,103.94710807883484,120.87346040384453,6.0,30.944322577691594,0.10989876832307563,40.95950732923025,31.984815248461345,1
310,3.0,13.0,3.0,1.0,18.0,0.24,3.0,27.0,5.0,60.63,130.0,9.0,22.0,0.17,36.0,29.0,0
311,10.0,7.0,15.0,0.0,8.0,0.14,2.0,32.0,1.0,102.19,122.0,4.0,30.0,0.1,38.0,28.0,0
312,6.0,10.0,5.0,0.0,12.0,0.26,2.0,22.0,1.0,34.0,87.0,6.0,18.0,0.16,22.0,23.0,0
313,3.0,3.0,0.0,0.0,4.0,0.25,2.0,6.0,1.0,14.09,32.0,2.0,6.0,0.13,7.0,8.0,0
314,3.0,7.0,3.0,0.0,12.0,0.19,2.0,19.0,1.0,55.61,68.0,6.0,17.0,0.16,21.0,21.0,0
315,4.0,3.0,9.0,0.0,4.0,0.1,2.0,13.0,1.0,54.05,100.0,2.0,13.0,0.07,31.0,20.0,0
